{"onclass" : [
        ["06:18", "07:50"],
        ["07:58", "08:45"],
        ["08:53", "09:40"],
        ["10:03", "10:50"],
        ["11:03", "11:50"],
        ["14:08", "14:55"],
        ["15:08", "15:55"],
        ["16:03", "16:50"],
        ["17:30", "19:20"],
        ["19:30", "20:20"],
        ["20:30", "21:10"]
      ],
"tasks":{
        "11.1|11.2|11.3": {
          "iAmMad": [],
          "iAmMad_weight": [], 
          "iAmMad_req_n": 0,
          "max_play_times":3
        },
        "11.5|11.4": {
          "iAmMad": [],
          "iAmMad_weight": [], 
          "iAmMad_req_n": 0,
          "max_play_times":3
        },
        "11.7|11.6": {
          "iAmMad": [],
          "iAmMad_weight": [], 
          "iAmMad_req_n": 0,
          "max_play_times":3
        },
        "1.7|1.8": {
          "iAmMad": [13],
          "iAmMad_weight": [1], 
          "iAmMad_req_n": 1,
          "max_play_times":3
        }
      }

}











